{
    "image_name": "capture_1743932264.jpg",
    "detections": [
        {
            "x1": 357.05584716796875,
            "y1": 144.4932861328125,
            "x2": 946.2824096679688,
            "y2": 713.4141235351562,
            "confidence": 0.8658891916275024,
            "class_id": 0,
            "class_name": "person"
        }
    ]
}