{
    "image_name": "capture_1743931886.jpg",
    "detections": [
        {
            "x1": 144.977783203125,
            "y1": 2.54852294921875,
            "x2": 1274.72607421875,
            "y2": 714.6836547851562,
            "confidence": 0.753156304359436,
            "class_id": 0,
            "class_name": "person"
        }
    ]
}