{
    "image_name": "capture_1743924166.jpg",
    "detections": [
        {
            "x1": 86.2249755859375,
            "y1": 6.21026611328125,
            "x2": 1273.0545654296875,
            "y2": 710.0905151367188,
            "confidence": 0.9587433338165283,
            "class_id": 0,
            "class_name": "person"
        }
    ]
}